{"loss": [1.5147818326950073, 1.0272178649902344, 0.8547888994216919, 0.7657516598701477, 0.7064300775527954, 0.6607910990715027, 0.6283920407295227, 0.5992411971092224, 0.582487165927887, 0.5529384613037109, 0.5375088453292847, 0.5185367465019226, 0.5101481080055237, 0.49471601843833923, 0.4885815680027008, 0.47800445556640625, 0.46508294343948364, 0.46122387051582336, 0.4568875730037689, 0.4373658299446106, 0.43860533833503723, 0.4329201877117157, 0.4280768632888794, 0.4218612611293793, 0.41550689935684204], "accuracy": [0.4607999920845032, 0.6355000138282776, 0.7011799812316895, 0.7288399934768677, 0.7524399757385254, 0.7689999938011169, 0.7802199721336365, 0.789359986782074, 0.7953600287437439, 0.8068400025367737, 0.811020016670227, 0.8182399868965149, 0.8212400078773499, 0.8264399766921997, 0.8277400135993958, 0.8324199914932251, 0.8377599716186523, 0.8378599882125854, 0.8393200039863586, 0.8494200110435486, 0.8470199704170227, 0.8485599756240845, 0.8496000170707703, 0.8522800207138062, 0.852400004863739], "val_loss": [1.180092692375183, 0.8930673003196716, 0.7650557160377502, 0.6935548186302185, 0.6595651507377625, 0.6593429446220398, 0.6363677382469177, 0.6355266571044922, 0.5917578339576721, 0.6498510241508484, 0.5672692060470581, 0.5979024171829224, 0.5565248131752014, 0.5223275423049927, 0.6156874299049377, 0.5306075215339661, 0.5351404547691345, 0.5304039716720581, 0.5238143801689148, 0.5160503387451172, 0.5162945985794067, 0.5163781046867371, 0.506178617477417, 0.5057910680770874, 0.48967161774635315], "val_accuracy": [0.5741000175476074, 0.6894999742507935, 0.7281000018119812, 0.7576000094413757, 0.76910001039505, 0.7688000202178955, 0.7796000242233276, 0.776199996471405, 0.7953000068664551, 0.7770000100135803, 0.8095999956130981, 0.7937999963760376, 0.8102999925613403, 0.8184000253677368, 0.7882999777793884, 0.8145999908447266, 0.8173999786376953, 0.8144999742507935, 0.8256000280380249, 0.8259999752044678, 0.8270000219345093, 0.8241000175476074, 0.8238000273704529, 0.8292999863624573, 0.8367999792098999]}